,Aldoc_class,Cadps2_class,Calb2_class,Col25a1_class,Cplx2_class,Cryab_class,Cxcl14_class,Gad1_class,Id2_class,Lhx6_class,Nrn1_class,Ntng1_class,Pcp4_class,Pde1a_class,Penk_class,Plp1_class,Pnoc_class,Pvalb_class,Reln_class,Rgs4_class,Slc6a1_class,Sncg_class,Sst_class,Trp53i11_class,Zero
Ache,1.8960008770293557,1.2345544598609373,1.6688406956308885,1.1001014636793642,3.0958211813831626,0.9786853492374719,1.234391053356505,3.0650318330581747,1.2098911748019305,1.1873375710058438,0.9408470912097185,0.655439075790392,1.6072816289221623,3.8035200550118313,1.8837233319845532,0.38039311837137774,2.553365689906822,1.8655120548879478,0.8878806472519375,2.684770993545335,2.6997024102460907,4.240273709117143,1.1054820207631533,4.735245289355936,0.059257227211690265
Aldoc,3.207638225353362,4.190604779030808,3.3339215595475484,2.039444593450534,1.5446031311620172,2.8736504263525515,2.535698932450831,5.475595031773952,3.309120466941113,2.8198351072182093,3.9437536026020847,1.4027371154077506,2.5718676042422874,4.320503582529914,2.480947937475183,2.3258844120446884,4.548008877917859,4.932682165013913,2.1639028341375655,2.1301975061498895,4.364910877606959,1.6126950974775214,1.6034839042700146,3.5436313956371874,0.3481724867110317
Bcl11b,1.259257518523138,0.6661664545725547,0.28743603321125605,2.1516133744881425,0.49264039525661263,1.7037589769985308,0.4706800790304063,1.0023284441316889,0.9084664782575761,1.5115976271792995,0.3009675126118959,0.2679409728184701,1.0845139577061491,1.4946985772823178,1.3059957626429557,0.22327971182031836,1.256200481006922,1.3510112455807108,0.20330352271357288,0.29064195224105566,2.2193957554043706,0.1392181884579942,1.2732511668057278,0.7539441046297995,0.06004218310581867
Cadps2,4.320915774157999,4.701420734595932,4.907797827512988,3.3960625370193855,1.6189055021436805,4.143102043791645,2.409966769194782,3.644521342327826,3.451789802515009,2.155702896486807,3.4698577743980006,2.535586982759011,2.9383241694351137,2.573098201329348,1.9607309026319082,0.718369811298052,2.491047323438102,5.779463546892636,2.441823671138186,1.7219838123472562,5.473081731060513,1.5453829240181007,1.7029045644937704,3.7082587846791344,0.10506263605048838
Calb1,0.03246722414523561,0.08572887392898648,0.006047868443588085,0.47501384045209893,0.021106321571504848,0.04599094012854169,0.0,0.29614622859984874,0.0435353392071405,0.08540885145827316,0.385814000048211,0.21540445028265356,0.07158457259118657,0.11027882812032211,0.05951672909656,0.010435221951072783,0.032774599304481226,0.17137643571479136,0.2511533316227956,0.25856134256979335,0.03625643028151659,0.6613139398513895,0.06371689850257749,0.26361865418190206,0.014778401115769085
Calb2,0.1600540068000426,0.18413646761822183,8.345574853786703,1.9861879085684715,0.14859684249212793,2.5372305379126705,0.6704131595508018,0.4790816313400432,0.08230954505682177,6.027464325191645,0.43969605058453054,4.861449641762927,0.4604033998680974,0.6241247189179862,0.16338405210004955,0.23416427295634734,0.4210824807306239,0.04955887345956464,4.808926214744234,0.4787989654475434,2.375651697644627,0.05216544745839566,0.22831467340359546,2.552740090167924,0.060088668568130846
Cartpt,0.04317590896736962,0.014089724917097014,0.0,0.03219041414161445,0.0300786116237973,0.02933269990656386,0.00045445604025337317,0.1619402311758249,0.05772328906916078,0.030488427991417242,0.03418600534968884,8.563492163581413e-05,0.011102519477156162,0.0002071442509540904,0.03539298703105169,0.006314578271777109,0.00400997961315831,0.0,0.024751451733795535,0.08925743690855406,0.0,0.042050569465553654,0.0034896988898327117,0.0,0.0
Cck,0.18045757472306603,0.8715868361099316,0.20615277398303172,0.18815068175739375,0.16051304393965057,0.18786263039425657,0.26528281310708873,0.26527101110787193,0.3591340060951917,0.15748262586551467,0.13378364044078397,0.25454321516938466,0.12434815154876606,0.033464161561196394,0.030760260381712194,0.061977105663590513,0.1897931470157407,0.7612360175277951,0.7499688613105371,0.1893226868073828,0.29897830166767553,0.23200232119957243,0.09491388508242574,0.3635621293099587,0.018867957755639347
Cdh13,5.182445329181513,3.9512230900572103,0.11374149130750442,2.8998434675431137,9.289084674571352,1.605050801876674,0.9334923034110286,4.662618325136935,3.459067987123019,1.639297756743556,0.8906793675748274,0.5246510287588239,2.4489446147583402,12.965922828538414,1.8073065815662654,0.4407123121076949,3.64635399842239,11.343689098649453,0.5542181962018667,6.742889781176826,4.0154928413235895,6.3473883306135805,1.2397913945420151,6.920815200570185,0.07640136489051315
Chat,0.2549594485956334,0.3040061035093295,0.042585396894489196,0.21221577644525025,0.09425533632236537,0.031760198348100614,0.25708808872526584,0.5457566331810765,0.14378634976346935,0.06339908803938539,0.2196338728109451,0.03170546499665305,0.1636922628018174,0.2137636519649967,0.23606358992552823,0.059273304010946895,0.5297859215395506,0.2983502320949838,0.1194172448918917,0.4352416716586182,0.19478362051205414,0.11994895449912475,0.40612029888040924,0.10199178263996353,0.018933569685176472
Chodl,0.053354383891276703,0.2276257318576546,0.04001623864278252,0.17790721293481054,0.08380593102153878,0.22062274412103236,0.1642968869404763,0.1770408932907066,0.1093956653017224,0.159975109309662,0.06215270043831385,0.008382985410070331,0.08506322482544952,0.22171799540726178,0.05837475704037371,0.028728766122176785,0.07648013409082362,0.06519492952248594,0.031013709714630057,0.046790385068553056,0.6337176000565635,0.167770102982956,0.19098063497831283,0.008274708308382894,0.004706631971163594
Chrm2,4.657057255568085,3.3829851815440373,2.5678231773925186,1.456680020624162,4.069397645923208,2.0693136488040507,0.9873297465651447,6.461808341635439,3.203418993785708,1.6402669016500482,5.968770936478619,1.0742083057003171,3.2303237037386654,6.698665796581935,2.053506785401888,0.44786868242083605,4.088717405596979,10.931273028167102,4.0499501388073,3.2359192694707044,2.804443786054654,2.45901801528663,1.0703773707883941,7.905204457856952,0.03982352517826522
Cnr1,6.553821034588722,4.482173913585155,2.875104082982898,6.406875050789642,4.816490819790929,4.641481292931134,0.9022831600010365,7.582771169495485,4.766233900945236,6.112792519650065,2.174335629051355,1.5992006177854885,5.598283783931078,7.039910254096748,4.043983956064583,0.8597753155694362,4.253441261164481,9.113461651073898,1.7509113914190704,6.512380016253313,10.763666279322884,10.164623882441207,6.394733523658565,5.631716837563506,0.0746440501096741
Col25a1,0.23914856060938508,0.0976026559525834,0.9596045753464184,4.730190860247799,0.310418003324244,1.7288710829437621,4.558900140107552,0.40448570553734736,0.6213708262999046,1.9390810879691758,0.4068444875477271,0.6339745449572193,1.3011639287672785,1.4704712083210834,0.7981781071119791,0.2221327727067332,0.6679901423966608,0.19020839791840605,0.3599858258064552,0.4437057920318066,1.4299746570537077,0.09348874870130784,0.3401189663009087,3.1150134770690596,0.049098406072715796
Cort,0.019379163165380738,0.06910258046188414,0.12246988128721545,0.03496066062619707,0.004929112893680515,0.006412425562658136,0.04453245490210476,0.11474212137514149,0.013401016500628637,0.08485468498072354,0.0307345537563263,0.06315481555230142,0.04294173827830917,0.1492350258054448,0.020432307377765028,0.008922652926409043,0.07211924804721166,0.04743068992685342,0.10437811692338585,0.19994164729638195,0.19477865793240018,0.44311603558352924,0.032941765276937554,0.31286255322355233,0.003304557791924728
Cox6a2,0.061023790228368756,0.42175355009292453,0.21674234414658444,0.5672065195662314,2.2491585267767062,0.20272427678427843,0.16383780146734786,0.49276749409168763,0.6922505802823892,0.17264413825208347,0.09534819701362066,0.3612366890521693,0.47674671817995873,0.7777167298689005,0.20848284852836813,0.08055452412949549,0.6369536695164225,0.48981658696135894,0.3151888023909492,1.5523437136122606,0.9606099154122031,2.6660180028636513,0.24411627130797187,4.612529446302666,0.04403974291537623
Cplx2,9.249889253932192,4.782642340002729,4.376208089971559,9.325918853858255,12.016039365642277,9.343117696155106,5.0913313089031496,9.107593852937828,6.892484770020932,7.444175371474719,5.497653935522887,3.2731694646813874,6.614809132178898,16.912600724076754,5.8446973830594615,2.7767778183823384,6.409939644367067,6.427423404719533,4.239840530189301,10.711030582251663,14.183451462362289,10.321796256932874,8.478803898380837,13.283781388244822,0.4125344716506947
Cpne5,0.15021107270404635,0.21736371205403446,1.3025045123470764,1.0673133624337146,1.2533958132533118,1.7007560718087236,0.8539225564590587,0.9364246078036068,0.24257480070659407,2.1610609907691045,0.23252730647529554,1.582407262381416,0.5331555042911792,2.497729211739648,0.8881961064742868,0.16151363237100305,1.075443564014165,0.06702770383683966,0.7671802013929998,1.9657912312762205,1.390809786397333,1.8031021735403028,1.0528595922728032,2.4754476427559347,0.0700008521679182
Crh,0.07676014762525604,0.06695328993456276,0.0,0.03534312443479493,0.03474741408377139,0.02144813380829115,0.0433206054280924,0.0,0.058805715736790005,0.0,0.06237307156015364,0.025833771534781967,0.08584394642431065,0.20965042565438916,0.0799326716652059,0.008753619755769508,0.013464924747175143,0.044949725721713865,0.0,0.024766886831094306,0.17820629182061215,0.09388924879431532,0.07011624435188625,0.09534198460274035,0.0017582585025019714
Crhbp,0.10538958455878758,0.15480533752146558,0.02183247647883473,0.6998806936054056,0.05684325928161913,0.05595159483551813,0.09596789540727384,0.3307825576487569,0.07054564044227699,0.2840396609172112,0.044926701327991814,0.36044439563203207,0.0987731189726203,0.1602926674014643,0.2527152250574624,0.020149762698424487,0.003229235004480755,0.03731745930022468,0.06603096095022037,0.034537234539272696,0.12423104662925549,0.1562934842344553,0.07691681820726354,0.12074559957842264,0.002776366153325242
Cryab,1.834911821756056,2.1369305100735847,2.392472339831031,1.7104870590718706,0.7455928913904522,11.351679977444697,1.6573770973345183,0.9194473411489973,11.29034314426079,0.7358993311794986,2.149689880239613,1.0545303286665693,1.6356854908465701,4.173623132964338,7.010168100985333,6.281874213773542,5.493218979002961,2.519753083595505,9.473217913666463,8.013827550650825,13.960676441802871,2.049230140916834,2.4692606396439807,2.8042962772478446,0.4254045342036936
Cxcl14,2.4646880266526914,3.2010903151171544,2.9285941822460253,3.071775343727612,1.115454416761531,3.64491954294865,14.400934067585096,3.228324703056862,2.7829701972187735,4.664937747374577,2.82833546392998,2.307391631617516,3.013645726540684,5.260169059188295,5.886515362164162,4.132787593033465,3.2678366391998948,1.6824127180556316,2.1583026559692717,3.338613365199312,8.695529564007437,2.480823249069365,3.2430115669390114,8.066833858778159,0.5884831944412386
Enpp2,1.0163767359099307,0.8504671470063246,1.934075924693705,0.5023257449064715,0.3638194939383432,8.296299351869642,0.7813798534401327,0.8487728325036973,7.735359127242874,0.3199808601668128,1.5777977094724749,0.7329865558956701,0.9437476187622403,3.5226383825097227,4.46383881043488,3.6823219228183297,3.585349178320474,3.0816473066668104,6.181521191411553,6.064422735566068,8.148823925038268,1.5893748909076875,1.3235234113492442,1.8776979013313957,0.13890425885052354
Gabrd,0.10526885561720206,0.17440352458037078,0.02116567589917391,0.11647790492568919,0.28364163641448836,0.24752822747133532,0.2758962764269849,0.12169132291998487,0.05796441888649102,0.08902929025972532,0.09274511496099812,0.09317870177947216,0.11944733179650177,0.0,0.11876810687959614,0.07129325942696385,0.11377097451371442,0.31298481312650667,0.1897610526967937,0.0,0.18466667013080626,0.0865832279288255,0.193186078932104,0.2834871419656416,0.007342552090822547
Gad1,18.294323825223362,16.10518711953827,2.6671524728448825,12.134099701795252,1.7834360269192249,8.502260489870151,5.879016215219147,22.683603921782026,13.279910264300097,9.199614499857931,1.421680415780536,1.1177030216273542,11.825925538465679,9.235113649022669,9.212536748498945,2.149754054271093,10.499346616820405,27.08659060573998,1.5365801051853605,3.004536901965392,20.371670943184082,1.5080074214972121,7.85551416786582,5.495857120923633,0.21924627199848454
Gal,0.5278143467630524,0.5183259692772022,0.4748574926254561,0.4810382916746731,0.2647903963084883,0.582135969597937,0.6455591228241384,0.5799373604301185,0.6901096284191718,0.07797328730095816,0.7156674753015682,0.5894846935781312,0.5598042160478608,0.5702125268832423,0.9247790504665948,0.7580356966359054,0.3061643319289225,0.7272522330098014,0.4252436498833052,0.5655382305342704,2.1931659167923603,0.6091604049365251,0.6335289881723023,0.4267474753616966,0.10236601546456295
Gda,0.048185305192821,0.047773030911271414,0.045898255941108364,0.06553559614865509,0.16631183075810127,0.07624229442824351,0.23585174975110168,0.11515721576794151,0.03490421082451243,0.13194600595489414,0.21647406130586835,0.019464874981770124,0.04053665253971473,0.31671354621079484,0.03444330323512697,0.012741985929832535,0.05643773022162751,0.0,0.0,0.1488841654207617,0.15948277260280863,0.15860412745524544,0.08041655675510895,0.14590131070658124,0.003700175910962261
Gnrh1,0.023359401444272013,0.014298113505509245,0.017825227123301115,0.07149773672532601,0.06460141808479594,0.03984563275395267,0.0,0.1329181802382974,0.016864269038483537,0.0,0.049435105177923225,0.0,0.012082669933665623,0.0,0.03060816320217594,0.0066368085571512185,0.08428573432082417,0.0555818821949873,7.701216027461563e-05,0.05688688677319797,0.0,0.028781385041593752,0.016618759566873295,0.045600169023457204,0.0012404136309344758
Grin3a,0.6123222291209335,0.38500432810774177,0.5445416103740582,1.3083978126953677,1.3483792672779544,1.068339790360434,0.5070793381890912,1.8511279261936606,0.8404333751610755,0.8686633859506973,0.542433883450683,0.4423834200095706,0.7754538981293307,2.339581080826332,0.914587050920546,0.22516521803124345,1.2469223447745983,0.494006621492267,0.517780611022249,1.05405342651314,1.2565211473390547,0.9987810302266489,1.1155419963531923,2.5499833695709415,0.01722240321828914
Grm1,0.24697507510214933,0.191031476419406,0.24146527977596305,0.20752616494173254,0.15458185240079445,0.22794794485016248,0.04317068254111078,0.39536516026582963,0.18322216264986058,0.09529780897422173,0.12466398097133134,0.11187997893701905,0.20435337864355918,0.1340761731413442,0.1595578431253569,0.06638317446108492,0.24672663150456367,0.3237435441141973,0.15192784899592146,0.08934768982106589,0.2863513687857242,0.005265458985312785,0.121491685058343,0.2569326660415285,0.00548642974488237
Grm8,0.2652579459317121,0.0850842297109284,0.4688677234315403,0.23862219069196583,0.0,0.1250917817786134,0.15946229122139777,0.5920186335592518,0.1191012510315838,0.1910082799869991,0.3621632148979726,0.2679671463892593,0.1509609585307302,0.08193590719146643,0.13307560718110642,0.024731599589323784,0.0389607416867253,0.08076546008745364,0.17958852705417888,0.02828277642102799,0.18578667397545198,0.14723915686963146,0.10184489831314386,0.39522249989643365,0.004670350406981324
Hapln1,0.1531589606423556,0.2945209241798959,0.24101835127386376,0.20898163259178146,0.0936777448226962,0.05526818562050715,0.030295849746558256,0.013727536155482225,0.39751818895300217,0.0013496726444902124,0.32402179897955424,0.051036137609182665,0.14409232543017253,0.18296166956759088,0.12126357914662554,0.04015669997981759,0.032414176659314876,0.32614944933310314,0.061696356706260204,0.10769420719395364,0.2270328429860756,0.17157510872665815,0.10260267540947147,0.8305868124526865,0.0031523069628339286
Hcn1,0.0005410925918993527,0.031341090937377435,0.0,0.02955145091228535,0.061943522464937006,0.0,0.0005303364228801804,0.0,0.03510464049972412,0.0,0.02559284243994858,0.0008180396556699863,0.015040575824365897,0.21231850293145932,0.015729269661473113,0.004409228726521836,0.038832042751358535,0.0,0.0,0.027239102389038317,0.03170154040169675,0.0,0.1057119067483815,0.0,0.0005653551721701517
Htr2c,0.08310222047705865,0.07099876929596793,0.43442941037498567,0.08438428754376748,0.0,0.2014985234653597,0.07358409973997454,0.07536772470505256,0.2729005143301886,0.12996457320801338,0.26838091287364163,0.19875512894266187,0.18568690673098104,0.00019999585506644548,0.10661560762976652,0.05187013851122742,0.20080206089194913,0.006396535777704373,0.25373275876105866,0.05655193727096714,0.07435398418239994,0.018587468005592026,0.0992848464529478,0.0,0.00030289843383149033
Htr3a,0.16703627750284747,0.44848422881348726,0.0008695896064018128,0.2839667227812448,0.30410179896549316,0.22602278748110852,0.04826615935797407,0.5978531672263933,0.25836639773524306,0.08811546275485169,0.1342807473895538,0.01083170857483854,0.2135036563233684,0.4145031303270574,0.27124664410156646,0.03626028590703018,0.07702843707524186,0.6099266344411071,0.0005405286374348502,0.09797571791404577,0.30626717392464925,0.07704659470234008,0.17182214803765006,0.0,0.006659383021702148
Id2,0.6763276826442156,1.9930246008126613,2.5393332398018447,0.9619650920698797,0.6742023558109026,1.50542324254514,1.5403013061660518,0.26149717087084806,1.378710716434248,1.4665087575071696,1.3580559540049513,0.2945610332733837,1.1709007863678682,1.1297159242219976,1.6241398630808561,1.8127296281542538,0.9909140362348652,1.4240587701861758,1.5257232261016083,1.953365831177062,3.1813479513848355,1.6237404873232015,1.3058488065771279,0.6625336267412818,0.11464854936933358
Kcnk2,0.13028980807697885,0.28366098187694566,0.0017853051577017998,0.12295885676385773,0.0644804577540236,0.20621665032557576,0.15236824735063603,0.5524594698649575,0.11510573687437356,0.25360056774400014,0.2531921272187248,0.11288754565702916,0.10552049308681007,0.24951593026136998,0.31002291832305895,0.03586125134829699,0.15553655660759824,0.23578928458891235,0.07095365670928797,0.21002073594852017,0.11692690478117797,0.09822786640832624,0.19414543323260036,0.10387800098371386,0.00035701865131745067
Kctd12,1.982683401552894,1.6451454533246257,0.6465755683285936,1.8743237450026042,0.1206223514643937,1.2433623121693957,0.8157191173280697,2.205016018319091,2.199920275692659,1.696039548576073,0.9405721524500941,0.2737669627769014,2.213638715607743,1.2851637739873307,2.2947456882974966,0.4549809730040873,1.1113738851394788,3.768597831598651,0.8007415123542097,0.9479672443068081,3.1584634365566187,0.40796862567794423,0.917438283297124,1.407232271873195,0.12119045465880246
Kit,1.4740258830406754,0.29125919072043976,0.553620185590167,1.650684277240372,0.061641195265424366,2.232613420329086,0.7658755334325041,0.9960456929427778,0.6451782558289981,1.6927093316328035,0.09971116722638741,0.1623717736193855,0.9706382234385502,1.2040532263551285,0.576291258226765,0.2694614378700277,0.33670591797202254,0.01800204872754844,0.17441143846927037,0.3698238617680733,3.965106942436874,0.06570988481604022,1.2980243421913908,0.7031142091464502,0.03093206602314991
Lamp5,0.1720402531125148,0.26239653834897203,0.261386479223198,0.5062127816425268,0.21904938859675482,0.11336212836021517,0.24696936720039794,0.5959088418181743,0.10132418225138932,0.17550053651929112,1.0385054119541406,0.16618593200676332,0.16912323717736633,0.4641811460971809,0.0678899938598598,0.10746235635216406,0.14660440673884342,0.3848571630728841,0.5942202047174265,0.3129368288986691,0.42039630998112737,0.042823749064143796,0.11335051275992629,0.2831289690388541,0.009409217748597645
Lhx6,12.053430879856666,7.441343485386099,2.9479679562254173,8.867960601366862,4.071343328845048,11.004253554029905,1.2869569509474847,18.93283564371873,8.13304113328414,14.098720015246421,1.1697381023858568,0.4357533471507437,8.800813569098176,9.91950606878597,4.807994062631299,2.1491752257984302,16.745313497654045,15.083585256110204,1.0053376064625668,4.393322084292598,18.58491112452473,1.9963581126877976,10.376668541412444,3.3849378545071716,0.16711282487674145
Lhx8,0.9571945713553368,0.235168520697505,0.07379313605201664,0.10448289830428173,1.2606901617985724,0.2293792644635491,0.03613143421970981,1.2194094861683185,0.27237587915968337,0.3909876040621432,0.06932541576131182,0.060799755852292026,0.44725598632618335,1.2256390541778366,0.009437161143506609,0.08928590205530466,0.7741338234327332,0.8752764715685388,0.04092821725005226,0.8981926158002503,0.6725097843269671,2.0394954318272958,0.5640722705346428,0.9717614605668277,0.00575363938961491
Meis2,0.4515756458460774,0.6757383155184089,0.4239983660632631,0.4395649760131906,0.25495154179525226,0.228166204773088,1.0643026888098661,0.5801681088857491,0.8402059449191204,0.379438878702348,0.6612454704799879,0.27492276461914517,0.394185484641765,0.6053229022970484,0.44979586903628843,0.16705121273510634,0.2434247583593146,0.2537952901848214,0.3109534046439192,0.45307958422806927,0.5594156406874501,0.9295453300702142,0.24462535411092506,1.4855826432983505,0.03863211256033012
Napb,0.4365474447395585,0.571537819855012,0.16638263132281153,0.23027643437531226,0.5708549273648696,0.32042307248676805,0.30859757449245445,0.7584593938227892,0.5165916313360305,0.4120365888276326,0.2653440211591731,0.19328887202182699,0.5097867570861591,0.9123582045821816,0.2685490116497794,0.07030597384487156,0.24014153523970314,1.0458436380958656,0.2574457356477317,0.5489689348962646,0.5082788223288334,0.26168102097990037,0.1791477374857633,1.1754066401337186,0.028974660890621243
Ndnf,0.011750231340459941,0.024744112814683424,0.31555849853083046,0.0001432490810666534,0.12961387042440808,0.12628922670338869,0.02212128644523651,0.26473784960635677,0.14465383822387484,0.06642459472659608,0.25814581998509645,0.021735766799069852,0.1228118940585816,0.6809600677113288,0.16187403094163869,0.04188584729932265,0.03503363020416907,0.2739271674501528,0.049274545941113405,0.20137027043541764,0.2157394968422706,0.09715377104710334,0.1415534337734783,0.19217132652615568,0.020015936398018998
Ndrg4,0.5307291778678696,0.5254081362123275,0.4075310689959002,0.516372959980578,0.14602108148917345,0.24679030898902288,0.3525704536466702,0.46758596799685226,0.43914982246411977,0.18554687419074273,0.21264675525629204,0.17578721850189774,0.40963985530948277,0.2778851833771825,0.27252680984819194,0.11098217275991672,0.3736833127326985,1.1575680401680024,0.25459935618046037,0.11469027278413148,0.33781398380891164,0.17974389342934685,0.41520932566485647,0.6588347849804679,0.01605655941895004
Neurod6,0.17691422050978475,0.0951899150608062,0.3224823826628931,0.07762173768321728,0.31480981020226173,0.24548535981152741,0.11799165058982992,0.05001240027844981,0.4996969084330086,0.09401735067570721,0.1819885175558012,0.053993991091509416,0.0919252571000658,0.31396616900896535,0.1347454819405105,0.07185350997612823,0.15406665028345945,0.11258235319690563,0.3619519652277052,0.23536430544160225,0.20320019920936253,0.07745583669711814,0.13962111753320144,0.4023719547847342,0.013877261944580246
Nos1,0.02502586435559085,0.1604210619334211,0.05727013884523804,0.19471491881153874,1.7388673134312411,0.07093957493791132,0.21051662812787528,0.09287555175603417,0.047122714768443597,0.05590539659148484,0.18184314385939018,0.12458522560414012,0.06113422949123381,2.166415906496342,0.10313340998880748,0.03216248494362883,0.053123233066559146,0.3113464337791961,0.11860813750393848,1.2704684500808279,0.027517596268247353,0.7709761008600723,0.062483863621547175,1.793505263923751,0.008688333009674455
Nov,0.03340920761143797,0.038205728509549765,0.09720587546667778,0.10508026972687283,0.013339587360384797,0.15155917014017828,0.1790944775846301,0.0,0.21083460463129775,0.06498278145859031,0.03449517257498796,0.040459901485650845,0.19882669535400502,0.16762425688046145,0.28408836375295554,0.0162326633227757,0.0796344466268497,0.493395177427294,0.04064993327245371,0.04682751809540578,0.12205485448487868,0.038513296871113975,0.15379163418784278,0.20259098788009935,0.0006446340063409426
Npy,0.03633683984095454,0.02772898909566115,0.0,0.00023558190984025674,0.142482923937657,0.2175182897121965,0.012404618760641847,0.19552957234427895,0.06318303150669609,0.04527570439372752,0.03328017249799391,0.09456256061761113,0.07188447524786686,0.20863229518618104,0.020524231643424533,0.036669343188069185,0.08064543749906525,0.0,0.08243579647043618,0.02301118216963026,0.16802748549496122,0.0,0.0970848150040233,0.16781565531227408,0.010777734197398001
Npy2r,0.42166533638511494,0.07285172295538449,0.6082827779229512,0.5689703438007151,0.12770288981396333,0.718548091930393,0.07615989552159894,1.3718198309215208,0.40485383397090186,0.9128570318885227,0.9411436650293143,0.16807484528255792,0.3622821407557153,0.8333930906567126,0.9893583518941572,0.06443336331477503,0.40845435975825517,0.30966330824016686,0.19037958629127313,0.18315094506608848,0.9593708006714807,0.041091057715521316,2.459214206192656,0.5030445002983025,0.01263131509963757
Nr4a2,0.010205785556508687,0.08779185609734504,0.18642529187752893,0.10566225726617086,0.1350603061422063,0.09547018687320025,0.044451717198036964,0.2646877759742579,0.08528232068758757,0.19140781722089759,0.14237548659333898,0.020041958447621622,0.05656647279334039,0.4334309324285241,0.02394536213846402,0.012401430375684289,0.0003453293580670272,0.09735239855199371,0.03145418137278591,0.21034104557902084,0.05787471836052109,0.0862115467978959,0.06011319487963751,0.29534705540002665,0.010179209582983252
Nrn1,0.10856629639608358,0.14935061596936428,7.410206833243038,0.8727356445317759,0.12540724998678432,0.32092326069658444,0.549771339183666,0.13404015079278522,0.28780514732550544,0.31970609830579855,11.439014250144792,4.081204089878337,0.19960796612119855,0.588882595933805,0.23164674271836724,0.15675420762103975,0.30077328685936966,0.09435916818641747,4.622757372156984,0.4878117117960907,0.6521642487659983,0.370347711393342,0.12909693045717988,6.473822971653825,0.047626626138470296
Ntng1,0.07916367339351606,0.26351312627145734,9.190405007014324,3.1053782791232196,0.5134128862123939,0.7345032320525426,0.191496213425122,0.9500596347882098,0.6314230814670925,1.0391232392816088,5.5073409363123265,4.701383529034166,0.5278593474475524,1.4929525455219657,0.8078061389723559,0.12000019502382855,0.08876946462559278,0.3464668401640959,4.15875465116425,0.21044600250800952,1.5141858663508956,0.7017023625999607,0.17716051427092372,5.949389303836706,0.029338458141358503
Nts,0.019896520393167437,0.09933677931481431,0.04691632316535876,0.4351440992893255,0.032005333401251786,0.10282054038975813,0.006529654083679838,0.40456047189241445,0.26199583055836534,0.043944638299810025,0.09378114690774,0.10186079769600359,0.1661480883490032,0.3366227369391272,0.1868061579920265,0.018424621186250902,0.030472721700355806,0.16864211412244903,0.0,0.0060837523832647815,0.09686662081167934,0.1645042918681163,0.34995831695633745,0.0026262989616567703,0.004615059014144586
Pcp4,9.52293676895418,14.52995528128415,8.180066395880978,5.907881909860719,7.766742361009421,4.370748192399656,2.920308343037206,12.450733175341743,9.41899492702495,5.772823444378061,10.194932800507924,2.229600562384926,8.451843809202185,17.133598322759756,6.795455540213605,1.660031294900346,8.11432468566481,22.202315386907994,7.0149088924483785,8.097147368679966,10.957976997709746,5.927963128122363,3.854221984581105,11.587377781579637,0.23575539438371912
Pde1a,4.620558509330867,1.1047851650467824,0.9347147825995952,3.228776604176061,10.886269428343514,3.8613311639392123,1.1601628548269936,8.1268326101259,3.5081404742703794,3.7587933696193967,0.6180949327647086,0.9665879077221146,2.478009723297708,16.88147991928484,0.7163817079231691,0.7429250504098113,1.4307465616520851,2.092209241457085,0.9023968358836773,10.638825160549754,6.230128991370842,8.503873916812706,9.23774251823064,8.997839129353927,0.08734909153759575
Peg10,0.3199286829208172,0.33128074401921814,0.12522381877357808,0.34951793481234206,0.12381699118658039,0.2436347288588197,0.8624354925145945,0.19353452101506544,0.18246857737618258,0.27045378355218647,0.42384337614600576,0.45759387945825886,0.25742167548963624,0.5367695066161791,0.10561372494939725,0.09811151061390941,0.054189742571612805,0.032328359669722265,0.14884048611382122,0.3715943540260332,0.416935688245057,0.2958562477447529,0.393678066592963,0.284202256585905,0.038396244869192485
Penk,1.379542536162916,8.958240585152545,2.136917808509946,8.835001096539186,0.6430300143227337,6.8849451882103265,0.5545163078250531,8.075816607534135,7.700798871747736,5.128749466133973,1.315547058097894,0.4919224941899195,10.063362734211903,4.946060096040905,13.02737478970027,1.317911747795183,4.713589429789097,30.684543583383043,0.9076298054580939,1.3650493481636035,6.966689398056775,1.4109171817042752,6.6809645850352695,2.494924665918848,0.1170152881764061
Plcxd2,0.4487300021022312,0.40917301133904144,0.8398123690766667,0.24445813917345532,0.02770666271820171,0.307786722425879,0.01843523830578911,0.7396381535279358,0.2133515084795147,0.186997181500819,0.048736949992616324,0.13107302313482194,0.25662372253185284,0.3819738374205406,0.22122476448551057,0.061686362032486564,0.11064332778141343,0.16452554086543367,0.07147036596816345,0.06306704700787386,0.10943797077398067,0.20719970700778412,0.2662958416977771,0.674994540006795,0.013518854295320754
Plp1,1.472552906850483,1.2158211630192302,1.9826643254936436,0.7345375926457426,0.7679795531752072,13.695074374608486,1.576303636295238,1.582238957652357,11.869294801164836,0.9013912348578675,1.7194230938612944,0.9752676944144281,1.1824003804000813,3.8939902582615877,7.860266029115784,6.604345901589873,4.552904973814347,2.061155627590026,8.899690798724942,8.892009874027902,14.535443995473107,0.8779617839575272,2.594702218668655,1.5955352523869613,0.3305467005045274
Pnoc,0.5704570461804593,1.0027558577468614,1.6063848714252253,1.6624208330775347,0.10962802342718912,0.11110548512458535,2.066671974076599,8.855630612792497,0.9921443135238076,1.0692566541508128,0.19040004301462637,3.150221224121712,1.4362513633621068,0.6791302542833628,7.132383671098403,0.268185763583089,10.645493889598304,3.4798187523333324,1.833025227737265,0.4898355173957255,1.4335217992345912,0.16909572717813198,0.19751561016859945,2.470355116201197,0.04604643126826071
Prkca,0.918111523544611,2.1421214816528042,2.245321591115905,1.6988754153593282,2.248402252130988,0.8914135208566912,1.5101119379472758,1.3471916403013109,1.513228483808693,1.1434346695684505,1.2122695877685263,1.3163036555037384,0.8357211244459826,3.1880853417284296,0.5957257780920939,0.46360526195440055,1.0503356227698624,0.7201109621533451,1.409790888179927,1.7848091417205139,1.1066938535384796,0.3579359441133607,0.44871060878586816,5.543878480342177,0.068480677962303
Pthlh,0.04350271779245419,0.22006706612519425,0.2519794500236781,0.0,0.05908172896312464,0.06649068508501185,0.02054096382276649,0.06974358448643744,0.09311471128824451,0.05808858514983402,0.12022650090516435,0.04247734541415355,0.1816132213588728,0.07441157242657184,0.06201405736519662,0.03853210239055104,0.4395505014059852,0.5928677888546114,0.027607795469184022,0.21206369282720347,0.426346662503315,0.03434854097282548,0.08231425412542144,0.1791246360908519,0.0187019010753237
Pvalb,7.672049971347996,22.30411572495828,9.524756395214814,0.0845952945388093,0.06817530070421804,0.7141421018028918,1.6989649122469381,8.471488479215553,5.584806313849251,0.5049150257597598,0.29179108310463736,0.239765177844762,1.768563439953186,1.50941256765054,0.4445378138673805,0.7402094425502068,0.5491363816223545,29.009747609180458,0.743978744468701,0.3438696447525594,3.422617815771199,0.12252643076946314,1.7388581481889713,1.0344136897756426,0.1971085807913019
Rab3c,0.5542144823796088,0.6486546636025765,0.13940014130520792,0.058942546876919216,0.5453467268884938,0.3713126915579114,0.22661637033656348,0.9936180312834137,0.6588461163692066,0.15908878608040875,0.03017784048448667,0.1262217500290851,0.5312981965875423,2.0607760347138315,0.3675846610399611,0.09784378032317154,0.8011173150239539,1.3558446254706584,0.15644500170824752,0.8175384458524133,0.8183446895281963,0.6416330767432433,0.6340658660757469,1.3238278161771584,0.02438427250577008
Rasgrf2,0.2668532568761817,0.18522214686764296,0.31496893228587347,0.4543834152080339,0.24896126431662108,0.3225687844218537,0.3531216576621715,0.04007893227599886,0.15815776363949283,0.2620206976315707,0.45325012840440687,0.4272409524216942,0.17918835316915976,0.41211338159530364,0.10897073025503565,0.04467712713735157,0.4676566824492038,0.5706972292340386,0.1430733102275781,0.09395678606757124,0.41171903077845745,0.2210662643937476,0.10156411142231847,0.3849023221502186,0.02409703098311941
Reln,1.4414578779127545,0.3911689310584878,0.37939727659553696,1.4481674394009165,5.210394409030436,1.0791520695103225,0.504491387945083,1.960138946279422,1.1888349299434746,2.384273467288918,9.845696746655403,2.877115213805219,0.5629676078326753,7.890640722301796,0.45528600317001167,0.22376110696533905,0.1347627883343056,0.41032126723861284,7.023989874950268,4.397580089985805,0.7047431049416549,0.5257701800996705,3.9940277578513026,3.923893098412355,0.03534408807395402
Rgs10,2.33935804154937,1.1358011911614587,2.069291315783088,2.1299727926785454,6.164431496719807,3.0534974601406,0.8733064315513696,6.376794491702115,2.134830841315628,1.4331116547950138,2.3830355118013244,2.31246946820916,1.683689151487936,7.115425114014092,0.6147723242414024,0.6008642524935521,5.589271522815557,2.5096921546062743,1.4325373143215183,4.492535640146945,4.805154933461705,5.305039891775123,2.4393457477056337,7.771223202034095,0.204703222805718
Rgs12,0.23280619808575256,0.008757483285571722,0.3112608229460066,0.19781328628125114,1.1964769723217974,0.18231391051192933,0.2847565391586318,0.17591978169555672,0.5557984255001862,0.4812333110565223,0.18351342078685573,0.2839787530186429,0.4043756780211722,1.1709651450957592,0.2852376574840191,0.23713766609775636,0.24128576219716005,0.2843923916000335,0.2173320420588109,0.9139542516070324,0.7715605758817278,1.0964251310747022,0.28283039930847687,0.6902316001011707,0.08508945815384
Rgs4,3.4468421148083355,2.2730298959629915,5.236382069243315,5.048769841005171,2.7520503346825254,2.6573898732592642,0.8939265747753468,7.041487426576304,3.877141482314833,2.526581732066148,1.3761631288864646,2.640719617382004,3.8482842609932533,10.057756105742023,5.071418465238995,0.9878590490852736,4.044530772413063,5.742450287162469,1.2927002056577344,6.1458479670055555,4.444977943391103,2.4949833765556026,2.6115327402514814,4.303919607604264,0.17661161576580128
S100a10,0.12407326254451365,0.1770059836339882,0.06661607698343465,0.33498051709718535,0.4788288448618759,0.015283468575900705,0.07226413689515758,0.08215593210445792,0.16360349976332944,0.03775518320838934,0.00037037566986610165,0.08529050092927504,0.15093470399541206,0.3610033133647461,0.3051618115311562,0.030981378111148792,0.34003878546914995,0.2930869231417965,0.03461928896435098,0.574882450590366,0.37923187430288474,0.9306443082984385,0.11485325883164911,0.5670946805777057,0.004945447480519212
Satb1,1.8350251858493898,3.7008643129505514,0.539760140138289,0.7977467689836278,0.32387900722448626,1.8091276197039428,0.42640506173253173,5.961418540699472,2.8666193440491727,3.0370889346212806,0.34253156399052825,0.2084920147629443,2.435560053382431,1.544434805114255,2.5869533445428106,0.5239018386685299,5.9650859037409285,7.35128690141941,0.6136503760299064,0.7346835861749751,2.7957713534315176,0.3404172302575916,2.2893835054927543,1.110161982803459,0.1119718188457985
Scgn,0.2519590171657774,0.12231045968346413,0.12573079109377433,0.21635691344235347,0.16138014693838598,0.11622838876674652,0.018220594777761126,0.5313939464216787,0.2160054690502053,0.3187324205474032,0.17319021121951914,0.08370074798341322,0.21774342030095137,0.33247814205960147,0.19181991905521545,0.02807865944981456,0.6178577748490872,0.09899012506436926,0.0002440621608105929,0.07161188848304507,0.18246541160989957,0.16987287442566132,0.12485622511271652,0.10112574197162506,0.0002705891662717789
Sema3c,0.24168085279533458,0.25220901446550376,0.27755294695515004,0.22169384758988298,0.42073712376167277,0.5302298477849339,0.07199733307352654,0.5932601566330328,0.13729591767395735,0.45836919172247714,0.2107897593346137,0.07658734267334294,0.5361340173844416,0.6377539084119538,1.1553060395903723,0.1022801063231502,1.0808488212786143,0.5785444910947013,0.1346671236289571,0.30108796283853606,0.8818465482095103,0.2446566265953712,0.2589321708401833,1.0862355450597143,0.016054692270984633
Serpini1,1.5165249958544522,1.1193910692553248,0.8896866695605025,1.7256345740746126,0.20633636183080545,0.7623104099323622,0.16584925436390577,1.6866831619554294,0.7693636211663363,0.7245265497571381,1.5254522350535,0.35443151251804944,1.0410108418959374,0.9815855263334716,1.0786185183440267,0.21733858082784624,1.199404054011296,1.1248404830210443,0.2236382172763864,0.4255069070170971,2.056703713302672,0.4285501709556835,0.627743950913124,0.4905797504425138,0.0460696728633487
Slc17a6,0.12161872190075365,0.7078267900030802,0.0001198618640370816,0.07664082518103235,0.07154622302943583,0.139585570705081,0.09857733003289634,0.356879280936592,0.2476750671860961,0.28049984388059107,0.06768007201969803,0.0,0.10516155119468924,0.03576536641313342,0.0905701130338302,0.04169242012201577,0.026433768296969192,0.19945810305660294,0.031173128182461977,0.03817596683605375,0.1141748279874276,0.13587241216730714,0.026823323044231673,0.40281630538901514,0.011473035363093336
Slc17a7,0.00037864608149717186,0.09170048823968793,0.004999555212156251,0.03749265085636392,0.03074780113342517,0.020399051029105407,0.0,0.06254365897421206,0.019196379006530682,0.07584570553368229,0.06432457761322949,0.0005552833652025363,0.04370288420460091,0.0,0.05168396784009151,0.012909266701522428,0.07548392565710814,0.011988711872816252,0.027524028717879644,0.002287702367206745,0.25429495788634754,0.03565037795507829,0.05938051607237288,0.10066181320288796,0.0
Slc17a8,0.02781560272397031,0.0075882123340457784,0.061117151488330045,0.08244442674675159,0.1955468887654263,0.0,0.0,0.0718763604574143,0.024032897219948956,0.0005498991605756987,0.052911074429117105,0.015686589924940875,0.020209112104332426,0.7579706788864093,6.921971317155542e-05,0.00589370860844282,0.07407581983358646,0.009662684764280515,0.0005301989563127567,0.0950031325644129,0.06203756188330992,0.07592144120510055,0.032403037565894834,0.6433446433626644,5.1232084724138004e-05
Slc18a3,0.07825493007372596,0.1487158577605147,0.07925243095437248,0.1539964883626657,3.2878898659394262,0.058957004924189385,0.06521029121350519,0.07554733209146966,0.12627613172838587,0.015357660740053387,0.18923707615696725,0.057612271941922505,0.1344927988436533,2.381797102379033,0.17848940528775342,0.02826787517062192,0.10430053881559216,0.07073531029306318,0.15626026962911407,2.077490359529253,0.008529516052081009,3.3186044696124886,0.000788155277950203,4.412024862838089,0.007235634029199922
Slc32a1,0.058599267606012743,0.029944381492206247,0.0,0.06956617253775403,0.0,0.11987626868152748,0.0001671092767780286,0.4057579454543885,0.24493759026477402,0.016355778159676974,0.23961962986193755,0.02222387402649878,0.09279157466917665,0.18966729639020216,0.16911973625611793,0.08687965451326338,0.16839083296794569,0.003601104572214426,0.2179685603784382,0.19119593858873613,0.42765838982749355,0.0,0.0768458039488321,0.062268304957685504,0.005167558683720695
Slc5a7,0.15781627217223135,0.2085863796820052,0.04992802268381143,0.0256610139446794,0.03731221349945064,0.13273874583392126,0.09963466091569405,0.31152858742458717,0.3123589178470791,0.24063617909293947,0.3108949758849294,0.1386513640224332,0.2064169708295716,0.43197706238752187,0.06805522729276539,0.07251276324746532,0.3337699356722507,0.09358217264927901,0.0634261049146242,0.2384761446968957,0.5172953437511453,0.4155328779232457,0.1956600623173656,0.6369914809537667,0.0077105075053748055
Slc6a1,20.17853598707464,14.607908558433742,8.686326747868328,21.189153564687924,9.050639321156174,17.706099916478443,11.921597800573663,20.12700347351476,16.127555268847885,16.536792878110287,6.196880052805283,5.454977767480799,17.32051038413837,21.751861498305132,16.16031342309635,9.960119575585887,16.184341212024655,24.312542371550663,9.483412374555012,12.44094450855059,34.450986791295755,6.7625495795879065,17.095890851410232,13.070166671278619,0.657300960792678
Snca,0.0535482951140984,0.0011154405830559875,0.0,0.3024319300535447,0.0012705731132614945,0.020603782746865907,0.04520398198909339,0.3947251106603864,0.0858363737618444,0.2641293730346683,0.08939180025738126,0.02956182831169707,0.05043556513412138,0.1598000314692115,0.06676502142451923,0.03137988769005427,0.0,0.0,0.1469045099932707,0.061150458199707755,0.12163632948495245,0.04184510572759667,0.06624314061924744,0.1777294343839573,0.006058213470911557
Sncg,0.28321479052505716,0.3454803223142623,1.0777979320626763,1.9783561105843934,15.164326864155736,0.12012498391192762,0.2038737285128468,2.031458101574873,0.8818706802155571,0.3262623872815033,8.538581138065455,1.8611806459702456,0.23503780932352986,12.393285359798103,0.4422020299215949,0.15606671087208168,0.6132104217862421,0.0301180360840222,2.7748986421688833,12.43120386463659,1.2579802877965465,17.979260764423582,0.04288909082989792,12.12491972652763,0.05358045037681388
Sox6,0.07426504146972901,0.08437565923676195,0.0024473047853036823,0.18771259995232492,0.06184405825323721,0.020202362790696638,0.4679616425785612,0.10613553467528462,0.12465389073248595,0.06927120621061465,0.0821095288585254,0.09034285257973323,0.14800443038616115,0.351346973440346,0.000247140851725173,0.06642694320837439,0.07393143402617046,0.0969517006973826,0.1479731527174299,0.029224977428674675,0.10898087002647704,0.12671069815563032,0.07116299647870837,0.05819370272391052,0.004242325008823313
Sp8,0.021748444001817108,0.17656712801784288,0.0447995308061043,0.1244457177152171,0.2807198538344154,0.040974695520739665,0.24353016391948565,0.19673535158688593,0.3987095479162697,0.13531832595812238,0.21510604802945793,0.12542176099274577,0.07352029064134828,0.17379893601805194,0.1143157929220024,0.06796959937512044,0.04452632036145059,0.4742480786794873,0.16518663148191284,0.25422352950639027,0.14573021968636152,0.578373877140587,0.1510043609584301,0.34859598526305957,0.001076655418375954
Spp1,0.07796787108610365,0.07906704907840453,0.0,0.27197171314931906,0.09838834526966746,0.1254115597816861,0.09754654242914874,0.059072202164104866,0.13968610522762887,0.19787675869843824,0.32935444115331286,0.10187203521747219,0.17277656264301997,0.20249916406741594,0.27467654132494984,0.10304662972094127,0.24969060206109714,0.3868076570236577,0.20874581994786007,0.23729475000489111,0.7229304466663622,0.1701141649782439,0.3727263286512142,0.09626179780356914,0.008412532486402006
Sst,0.3350933181125183,0.2983847480504035,0.517567845247021,3.558244306801442,0.13123884226200602,0.9214580163815034,0.4938377376413639,13.015394062897437,0.17646456495212218,0.48966230786635556,0.1809777653032046,0.22048927077355296,0.3335179158688026,1.8918135645120069,0.5352617371987579,0.20592690295933508,10.043246535710168,0.052931731399633065,0.15715623278146665,0.09517667962309218,0.5273142794680022,0.9559865325056969,15.035989362238546,0.7668873912403845,0.03331143576735502
Stxbp1,5.559891204092676,5.793115608893107,4.444185193088139,3.8958796591476874,3.1234137006354614,3.146329921551372,3.1185852417688418,7.631704570384932,4.487408454665167,4.54669505339533,4.380177477106728,2.702507002894307,4.5337877981678005,6.169945915442268,4.623651653304416,1.013066752943007,4.441024642229872,9.951652788628996,2.9704272088653285,2.7268306586605586,6.722561760038895,3.1368167381712975,3.053455392326767,6.861044292457331,0.18840768365439525
Synpr,0.5772140311869532,0.042173992155226665,0.1847452715808967,0.24936938584708493,0.006735655729631431,0.22569326801998477,0.22249484262424532,0.8903441944262218,0.10754290070383674,0.11378120960249678,0.11792628877612914,0.1683546901415679,0.23566836071248864,0.22522391733803931,1.6109174172936713,0.07219158583380446,0.9242985967960611,1.1983513513221868,0.11184808697006687,0.2205612112467349,1.1658501971564,0.166917588057842,0.18390116123963185,0.02335989728158862,0.0158404111729475
Syt2,0.02392338188899799,0.14524565627984137,0.10692430890112242,0.03146500280931977,0.06424441285309351,0.0,0.041279791522036875,0.06200901846403058,0.09564196253885202,0.09528187202880757,0.1498840595268454,0.05601703786861645,0.20458701931487952,0.0002564713690884601,0.0807139992063454,0.022893999491029472,0.0,0.04545054862415508,0.01858809937501413,0.11432540535046108,0.5948112806100616,0.25535391766589316,0.06782814486428002,0.299365216156385,0.0074773620199852404
Tac1,0.15970434774106426,0.20365029448090816,0.045139940930398186,0.11304033547630508,0.0678845539870352,0.631699210830461,0.47354027542547206,0.08225832514976036,0.08316062774217553,3.6398432067370274,0.24754081461153563,0.08984519191893969,0.1459329135576047,0.34714110068794035,0.02511675885283263,0.08249606642553398,0.1361684218223254,0.04209640353350029,0.12940763467255617,0.05920723754754434,0.8712551012574512,0.30531361168253146,0.11885957994235333,0.3910213360139631,0.018855084279647633
Tac2,0.007212714759472808,0.05084769406463223,0.0,0.03580239474990589,0.07609662369996253,0.019330926825469417,0.002389505485389506,0.0,0.018619454250571398,0.05309598417155739,0.1116768391842183,0.02165613991440957,0.01680603200924038,3.091755574760142,0.025252253230479728,0.006085323528625672,4.7439723747755945e-05,0.052707174143446854,0.0,0.10793668512582923,0.17006217725865513,0.02125474074375462,0.012735608774514812,0.0,6.81604732958023e-05
Tacr2,0.05178846575294481,0.15493638444485333,0.18363283836180494,0.12447306431823664,0.09804345556018446,0.026518490879805057,0.07373259708481095,0.13412319450840465,0.026357112948822946,0.12240771297659535,0.07945819864125268,0.08275500438027644,0.09966154417921659,0.2190185447227661,0.30360232690802685,0.016459402033971483,0.03798960964236173,0.0,0.1860964044293323,0.18318068552338812,0.22395345789197607,0.03081490622487322,0.13210568524355523,0.09795724851612975,2.208818105897013e-05
Tacr3,0.054764513177200866,0.014735797664818546,0.002938923611159943,0.031013276202710296,0.030442749834851745,0.033676905026267474,0.020618179376886897,0.0,0.01868122261352448,0.05967521329887919,0.0,0.0,0.03461922495096314,0.0,0.0002372907709152165,0.003654545900908728,0.0,0.0,0.013129352292034307,0.026449725482393428,0.06166065348374665,0.12305914625971394,0.016157640899439767,0.0007006225142048377,0.0019415879342407196
Tcf7l2,0.11263897568268388,0.07843766000589263,0.21173211312436113,0.10063279249980545,0.0,0.2408550466903442,0.23239997518279,0.5402478335139861,0.2677216851958124,0.08557931754542908,0.025805020323505574,0.22016738199213232,0.12071393389521265,0.0645809324783577,0.39057108877569197,0.15904172513548692,0.12925410653367594,0.16768340885444663,0.4383800339493677,0.23904697231204178,0.4270240654727423,0.1508950807604987,0.09608178526521229,0.2912432318748074,0.010329119556769406
Th,0.010289093195805345,0.019987446499925038,0.0,0.05712345277330903,0.15299467962255986,0.05525863538991842,0.07360356390572054,0.0,0.05532433968530363,0.00790937963293499,0.03248448609805867,9.286480788704365e-05,0.13444690703497256,0.20206796434404828,2.1736910041376567,0.02753272413431682,0.08309634941156376,0.8550297255740321,0.00559567632184806,0.6199785240649768,0.039700717400617015,0.13207727233665223,0.017567332384206515,0.5113384097818978,0.007855837891944153
Thsd7a,0.0006113533851729539,0.01679127959703355,0.035917947573871095,0.10192575828251343,0.0,0.0008003685691675509,2.7935470904389633e-05,0.0,0.0026455942128646394,0.0,0.0,0.0,0.0066822843169378815,0.0,0.02843056361248212,0.006834233244850187,0.030286257689596453,0.0,0.0005694453602186904,0.0573162405637871,0.0008040169533693139,0.038092178102991335,0.07167279071889647,0.022044665186468426,0.0034347114287964055
Trp53i11,1.1940208589325412,0.8261525953370666,5.688416070817992,2.3586907788885725,7.165355963777186,1.297130500604083,4.084316855824716,1.5304340052895211,1.694084833668603,1.015413641717676,4.206121850338667,2.4933707870112687,1.3146642743146881,5.723579654829176,0.6060106367737932,0.5498407448532239,3.135589228495513,2.3047285140875364,2.7800520619632128,7.5044827879598754,3.4610934650451877,12.847364487676982,1.1184712839134805,15.135983062842392,0.10868104343126259
Vgf,0.08357188718648874,0.07223948483329205,0.055785479043353736,0.135502586420339,0.1107343721793206,5.574128994096311e-05,0.17034492634853132,0.26480781320360813,0.0957043099502238,0.09200579027629935,0.0003365593700560793,0.11365756815555846,0.11930891673112258,0.1440088772586801,0.09609099059482329,0.024208327357930572,0.2414455577209358,0.11455042544721117,0.033112794012825075,0.19062602060498388,0.3939967216616447,0.25457204989990984,0.03351694276967446,0.6235966413955625,0.009095059394197299
Vip,0.15203838988510535,0.06780280077677339,0.0,0.09146440561257362,0.06860111915889443,0.026650908128849717,0.0326681527799041,0.0,0.05528390521039753,0.08610507717173346,0.13541976681414086,0.1054682817704116,0.07346973966552872,0.14953275843019573,0.09311034687887998,0.018198985009965172,0.11819196868910782,0.26499987351548404,0.005064563979653275,0.12467576315108189,0.30137350022475096,0.3812906045942411,0.08249319064249983,0.30415266925092627,0.008352587441007779
Wfs1,1.1399913773130033,1.1480601560269341,0.3857166263808287,0.8476884833614791,1.0003708186124858,0.6898354780418375,1.1349777566342898,1.2316497554297652,1.1042028038442822,1.3507838508189265,0.173362570266948,0.22569344011550377,0.7282611057260163,1.786184187218742,0.9204803502055662,0.38026791542651694,0.43918846536909983,2.9071286046026756,0.2550539036174121,1.1193835282329772,2.4957987597233453,1.1123823103268786,0.5203409728829322,1.1989884877033814,0.0643337850080543
Yjefn3,0.2729162107992935,0.35317960024964173,0.4546923298549816,0.42442403923344185,0.2740921961098396,0.39999367504254496,0.19575573911770036,0.31624991989395773,0.17113914479678002,0.3197388655474292,0.17275350459490868,0.15158948872481293,0.2906000329250823,0.7986372317144856,0.366499149350244,0.07498490475035433,0.3173465100387663,0.22840482646950222,0.09812365626116465,0.551444660655981,0.13909373604524713,0.3770070422878011,0.19364826110047617,0.47294826434937154,0.009534087809788467
Zic1,0.00967338835519702,0.017345378202398593,0.0,0.056570376515707274,0.06352552620446875,0.13127141865265318,0.024032524249306002,0.0,0.019351145347154815,0.028831447262768074,0.047717922529374776,0.08773003032575354,0.005613483971673959,0.01617365333573568,0.0294040662088544,0.0077509658810911005,0.037646700169168115,0.00010067223933987983,0.027045788098279157,0.005094203637796117,0.0,0.04196482720483114,0.017149554244828082,0.006634460163028122,0.004709296193202279
Zic4,0.12107290342830748,0.10215468917869103,0.05893467049544759,0.06708682854809213,0.06473507795432312,0.18374909194061145,0.07256853148241608,0.21043795454140185,0.1424877960593726,0.08269773128523664,0.03567556908993971,0.024686352329243096,0.07538000348193882,0.36976740058571783,0.15124808968694892,0.030160863946490344,0.0,0.0016739645881529177,0.03389700539189917,0.14799653276830102,0.050232122408109606,0.12300984949056709,0.07578776318243996,0.04125588134782974,0.0028577117683644456
